Soal,Tanpa normalisation
base score,0.9401197604790419
accuracy score,0.9401197604790419
