Soal,Tanpa normalisation
base score,0.9431137724550899
accuracy score,0.9461077844311377
